Nome;Sobrenome;Email
Pedro;Darela Proenca;pedro.p@email.com
Ricardo;Botelho Arruda Furtado;ricardo.f@email.com
Brenda;Alcantra Queiro;brenda.q@email.com
Renata;Cardoso;renata.c@email.com
Wilma;Torres de Almeida Castro;wilma.c@email.com
Wagner;Mendonca Fragoso Barbalho;wagner.b@email.com
Bruna;Soeiro Couto;bruna.c@email.com
Carla;Mourao;carla.m@email.com
Osvaldo;Lustosa Cabral;osvaldo.c@email.com
Camila;Paula Trindade;camila.t@email.com
